2026-05-04 23:03:50	bf7225197999edb3e05a45535af11cf9581efec321785d4cb555b3b636d742f2	127.0.0.1:9601	1	72	round_robin
2026-05-04 23:03:50	6a0d2319914df34c0cb08078f5049e0bbe4248138f02557289939bd7db625189	127.0.0.1:9601	1	70	round_robin
2026-05-04 23:08:08	bf7225197999edb3e05a45535af11cf9581efec321785d4cb555b3b636d742f2	127.0.0.1:9603	1	62	round_robin
2026-05-04 23:08:08	6a0d2319914df34c0cb08078f5049e0bbe4248138f02557289939bd7db625189	127.0.0.1:9603	1	65	round_robin
2026-05-04 23:12:43	e5f20432afe6cd421d0916bd508b597c3ecb36390c88b4c5bb77f52654a3c24c	127.0.0.1:9602	0	0	round_robin
2026-05-04 23:12:43	e5f20432afe6cd421d0916bd508b597c3ecb36390c88b4c5bb77f52654a3c24c	127.0.0.1:9603	0	0	round_robin
2026-05-04 23:12:43	3f99457dafa9d22397a0ab1882ffaee0f867dfc788f70708bb19f5eeffddcdfc	127.0.0.1:9602	0	0	round_robin
2026-05-04 23:12:43	3f99457dafa9d22397a0ab1882ffaee0f867dfc788f70708bb19f5eeffddcdfc	127.0.0.1:9603	0	0	round_robin
2026-05-04 23:23:10	e5f20432afe6cd421d0916bd508b597c3ecb36390c88b4c5bb77f52654a3c24c	127.0.0.1:9603	1	67	round_robin
2026-05-04 23:23:11	3f99457dafa9d22397a0ab1882ffaee0f867dfc788f70708bb19f5eeffddcdfc	127.0.0.1:9603	1	64	round_robin
2026-05-04 23:32:01	e5f20432afe6cd421d0916bd508b597c3ecb36390c88b4c5bb77f52654a3c24c	127.0.0.1:9601	1	85	round_robin
2026-05-04 23:32:01	3f99457dafa9d22397a0ab1882ffaee0f867dfc788f70708bb19f5eeffddcdfc	127.0.0.1:9601	1	64	round_robin
2026-05-04 23:38:16	e5f20432afe6cd421d0916bd508b597c3ecb36390c88b4c5bb77f52654a3c24c	127.0.0.1:9603	1	66	round_robin
2026-05-04 23:38:16	3f99457dafa9d22397a0ab1882ffaee0f867dfc788f70708bb19f5eeffddcdfc	127.0.0.1:9603	1	115	round_robin
2026-05-04 23:38:17	e5f20432afe6cd421d0916bd508b597c3ecb36390c88b4c5bb77f52654a3c24c	127.0.0.1:9603	1	92	round_robin
2026-05-04 23:38:17	3f99457dafa9d22397a0ab1882ffaee0f867dfc788f70708bb19f5eeffddcdfc	127.0.0.1:9603	1	96	round_robin
2026-05-04 23:38:18	e5f20432afe6cd421d0916bd508b597c3ecb36390c88b4c5bb77f52654a3c24c	127.0.0.1:9603	1	78	round_robin
2026-05-04 23:38:18	3f99457dafa9d22397a0ab1882ffaee0f867dfc788f70708bb19f5eeffddcdfc	127.0.0.1:9603	1	78	round_robin
2026-05-04 23:40:00	e5f20432afe6cd421d0916bd508b597c3ecb36390c88b4c5bb77f52654a3c24c	127.0.0.1:9601	1	73	round_robin
2026-05-04 23:40:00	3f99457dafa9d22397a0ab1882ffaee0f867dfc788f70708bb19f5eeffddcdfc	127.0.0.1:9601	1	69	round_robin
2026-05-04 23:40:00	e5f20432afe6cd421d0916bd508b597c3ecb36390c88b4c5bb77f52654a3c24c	127.0.0.1:9601	1	73	round_robin
2026-05-04 23:40:00	3f99457dafa9d22397a0ab1882ffaee0f867dfc788f70708bb19f5eeffddcdfc	127.0.0.1:9601	1	72	round_robin
2026-05-04 23:40:00	e5f20432afe6cd421d0916bd508b597c3ecb36390c88b4c5bb77f52654a3c24c	127.0.0.1:9601	1	73	round_robin
2026-05-04 23:40:00	3f99457dafa9d22397a0ab1882ffaee0f867dfc788f70708bb19f5eeffddcdfc	127.0.0.1:9601	1	76	round_robin
2026-05-04 23:40:02	e5f20432afe6cd421d0916bd508b597c3ecb36390c88b4c5bb77f52654a3c24c	127.0.0.1:9602	1	127	round_robin
2026-05-04 23:40:02	3f99457dafa9d22397a0ab1882ffaee0f867dfc788f70708bb19f5eeffddcdfc	127.0.0.1:9602	1	167	round_robin
2026-05-04 23:40:02	e5f20432afe6cd421d0916bd508b597c3ecb36390c88b4c5bb77f52654a3c24c	127.0.0.1:9602	1	66	round_robin
2026-05-04 23:40:02	3f99457dafa9d22397a0ab1882ffaee0f867dfc788f70708bb19f5eeffddcdfc	127.0.0.1:9602	1	66	round_robin
2026-05-04 23:40:02	e5f20432afe6cd421d0916bd508b597c3ecb36390c88b4c5bb77f52654a3c24c	127.0.0.1:9602	1	69	round_robin
2026-05-04 23:40:02	3f99457dafa9d22397a0ab1882ffaee0f867dfc788f70708bb19f5eeffddcdfc	127.0.0.1:9602	1	89	round_robin
2026-05-04 23:41:38	e5f20432afe6cd421d0916bd508b597c3ecb36390c88b4c5bb77f52654a3c24c	127.0.0.1:9603	1	67	round_robin
2026-05-04 23:41:38	3f99457dafa9d22397a0ab1882ffaee0f867dfc788f70708bb19f5eeffddcdfc	127.0.0.1:9603	1	64	round_robin
2026-05-04 23:41:38	e5f20432afe6cd421d0916bd508b597c3ecb36390c88b4c5bb77f52654a3c24c	127.0.0.1:9603	1	75	round_robin
2026-05-04 23:41:39	3f99457dafa9d22397a0ab1882ffaee0f867dfc788f70708bb19f5eeffddcdfc	127.0.0.1:9603	1	81	round_robin
2026-05-04 23:41:39	e5f20432afe6cd421d0916bd508b597c3ecb36390c88b4c5bb77f52654a3c24c	127.0.0.1:9603	1	65	round_robin
2026-05-04 23:41:39	3f99457dafa9d22397a0ab1882ffaee0f867dfc788f70708bb19f5eeffddcdfc	127.0.0.1:9603	1	84	round_robin
2026-05-04 23:43:10	3f99457dafa9d22397a0ab1882ffaee0f867dfc788f70708bb19f5eeffddcdfc	127.0.0.1:9601	1	96	round_robin
2026-05-04 23:43:10	e5f20432afe6cd421d0916bd508b597c3ecb36390c88b4c5bb77f52654a3c24c	127.0.0.1:9601	1	70	round_robin
2026-05-04 23:43:10	3f99457dafa9d22397a0ab1882ffaee0f867dfc788f70708bb19f5eeffddcdfc	127.0.0.1:9601	1	76	round_robin
2026-05-04 23:43:10	e5f20432afe6cd421d0916bd508b597c3ecb36390c88b4c5bb77f52654a3c24c	127.0.0.1:9601	1	65	round_robin
2026-05-04 23:43:10	e5f20432afe6cd421d0916bd508b597c3ecb36390c88b4c5bb77f52654a3c24c	127.0.0.1:9601	1	75	round_robin
2026-05-04 23:43:10	3f99457dafa9d22397a0ab1882ffaee0f867dfc788f70708bb19f5eeffddcdfc	127.0.0.1:9601	1	65	round_robin
2026-05-04 23:43:13	e5f20432afe6cd421d0916bd508b597c3ecb36390c88b4c5bb77f52654a3c24c	127.0.0.1:9602	1	69	round_robin
2026-05-04 23:43:13	3f99457dafa9d22397a0ab1882ffaee0f867dfc788f70708bb19f5eeffddcdfc	127.0.0.1:9602	1	66	round_robin
2026-05-04 23:43:13	3f99457dafa9d22397a0ab1882ffaee0f867dfc788f70708bb19f5eeffddcdfc	127.0.0.1:9602	1	67	round_robin
2026-05-04 23:43:13	e5f20432afe6cd421d0916bd508b597c3ecb36390c88b4c5bb77f52654a3c24c	127.0.0.1:9602	1	87	round_robin
2026-05-04 23:43:13	e5f20432afe6cd421d0916bd508b597c3ecb36390c88b4c5bb77f52654a3c24c	127.0.0.1:9602	1	66	round_robin
2026-05-04 23:43:13	3f99457dafa9d22397a0ab1882ffaee0f867dfc788f70708bb19f5eeffddcdfc	127.0.0.1:9602	1	86	round_robin
2026-05-04 23:47:09	41c162fb5c5f99a0a1e22bb1eb793d461c90e4f033fd706cde4ef1873802289c	127.0.0.1:9602	1	72	round_robin
2026-05-04 23:47:10	f6edd780d170eea6d4d6a67ae79be888d36ae0852cee58b5631bfc69373bd740	127.0.0.1:9604	1	70	round_robin
2026-05-04 23:47:11	41c162fb5c5f99a0a1e22bb1eb793d461c90e4f033fd706cde4ef1873802289c	127.0.0.1:9602	1	96	round_robin
2026-05-04 23:47:11	f6edd780d170eea6d4d6a67ae79be888d36ae0852cee58b5631bfc69373bd740	127.0.0.1:9604	1	83	round_robin
2026-05-04 23:47:11	41c162fb5c5f99a0a1e22bb1eb793d461c90e4f033fd706cde4ef1873802289c	127.0.0.1:9602	1	67	round_robin
2026-05-04 23:47:11	f6edd780d170eea6d4d6a67ae79be888d36ae0852cee58b5631bfc69373bd740	127.0.0.1:9604	1	69	round_robin
2026-05-04 23:51:27	41c162fb5c5f99a0a1e22bb1eb793d461c90e4f033fd706cde4ef1873802289c	127.0.0.1:9602	1	68	round_robin
2026-05-04 23:51:27	f6edd780d170eea6d4d6a67ae79be888d36ae0852cee58b5631bfc69373bd740	127.0.0.1:9604	1	68	round_robin
2026-05-04 23:51:28	41c162fb5c5f99a0a1e22bb1eb793d461c90e4f033fd706cde4ef1873802289c	127.0.0.1:9602	1	70	round_robin
2026-05-04 23:51:28	f6edd780d170eea6d4d6a67ae79be888d36ae0852cee58b5631bfc69373bd740	127.0.0.1:9604	1	70	round_robin
2026-05-04 23:51:28	41c162fb5c5f99a0a1e22bb1eb793d461c90e4f033fd706cde4ef1873802289c	127.0.0.1:9602	1	67	round_robin
2026-05-04 23:51:28	f6edd780d170eea6d4d6a67ae79be888d36ae0852cee58b5631bfc69373bd740	127.0.0.1:9604	1	68	round_robin
2026-05-04 23:55:20	f6edd780d170eea6d4d6a67ae79be888d36ae0852cee58b5631bfc69373bd740	127.0.0.1:9604	1	69	round_robin
2026-05-04 23:55:20	41c162fb5c5f99a0a1e22bb1eb793d461c90e4f033fd706cde4ef1873802289c	127.0.0.1:9602	1	68	round_robin
2026-05-04 23:55:20	41c162fb5c5f99a0a1e22bb1eb793d461c90e4f033fd706cde4ef1873802289c	127.0.0.1:9602	1	68	round_robin
2026-05-04 23:55:20	f6edd780d170eea6d4d6a67ae79be888d36ae0852cee58b5631bfc69373bd740	127.0.0.1:9604	1	68	round_robin
2026-05-04 23:55:20	41c162fb5c5f99a0a1e22bb1eb793d461c90e4f033fd706cde4ef1873802289c	127.0.0.1:9602	1	70	round_robin
2026-05-04 23:55:20	f6edd780d170eea6d4d6a67ae79be888d36ae0852cee58b5631bfc69373bd740	127.0.0.1:9604	1	70	round_robin
2026-05-04 23:59:09	41c162fb5c5f99a0a1e22bb1eb793d461c90e4f033fd706cde4ef1873802289c	127.0.0.1:9602	1	77	round_robin
2026-05-04 23:59:09	f6edd780d170eea6d4d6a67ae79be888d36ae0852cee58b5631bfc69373bd740	127.0.0.1:9604	1	79	round_robin
2026-05-04 23:59:09	41c162fb5c5f99a0a1e22bb1eb793d461c90e4f033fd706cde4ef1873802289c	127.0.0.1:9602	1	70	round_robin
2026-05-04 23:59:09	f6edd780d170eea6d4d6a67ae79be888d36ae0852cee58b5631bfc69373bd740	127.0.0.1:9604	1	71	round_robin
2026-05-04 23:59:09	41c162fb5c5f99a0a1e22bb1eb793d461c90e4f033fd706cde4ef1873802289c	127.0.0.1:9602	1	68	round_robin
2026-05-04 23:59:09	f6edd780d170eea6d4d6a67ae79be888d36ae0852cee58b5631bfc69373bd740	127.0.0.1:9604	1	68	round_robin
2026-05-04 23:59:35	41c162fb5c5f99a0a1e22bb1eb793d461c90e4f033fd706cde4ef1873802289c	127.0.0.1:9601	1	71	round_robin
2026-05-04 23:59:35	f6edd780d170eea6d4d6a67ae79be888d36ae0852cee58b5631bfc69373bd740	127.0.0.1:9601	1	92	round_robin
2026-05-04 23:59:35	41c162fb5c5f99a0a1e22bb1eb793d461c90e4f033fd706cde4ef1873802289c	127.0.0.1:9601	1	66	round_robin
2026-05-04 23:59:35	f6edd780d170eea6d4d6a67ae79be888d36ae0852cee58b5631bfc69373bd740	127.0.0.1:9601	1	67	round_robin
2026-05-04 23:59:35	41c162fb5c5f99a0a1e22bb1eb793d461c90e4f033fd706cde4ef1873802289c	127.0.0.1:9601	1	65	round_robin
2026-05-04 23:59:35	f6edd780d170eea6d4d6a67ae79be888d36ae0852cee58b5631bfc69373bd740	127.0.0.1:9601	1	70	round_robin
2026-05-05 00:05:58	6cfa80f45f71ca1db9ce3c76056e9786fd43c669f2b7ba139b01219a4551ceb7	127.0.0.1:9609	1	68	round_robin
2026-05-05 00:05:59	38561b0651bf6372d852c42e12dec0f5385d9da1e9c10359b7a4582744a15b57	127.0.0.1:9610	1	65	round_robin
2026-05-05 00:05:59	6cfa80f45f71ca1db9ce3c76056e9786fd43c669f2b7ba139b01219a4551ceb7	127.0.0.1:9609	1	66	round_robin
2026-05-05 00:05:59	38561b0651bf6372d852c42e12dec0f5385d9da1e9c10359b7a4582744a15b57	127.0.0.1:9610	1	67	round_robin
2026-05-05 00:05:59	6cfa80f45f71ca1db9ce3c76056e9786fd43c669f2b7ba139b01219a4551ceb7	127.0.0.1:9609	1	66	round_robin
2026-05-05 00:06:00	38561b0651bf6372d852c42e12dec0f5385d9da1e9c10359b7a4582744a15b57	127.0.0.1:9610	1	65	round_robin
2026-05-05 00:12:40	6cfa80f45f71ca1db9ce3c76056e9786fd43c669f2b7ba139b01219a4551ceb7	127.0.0.1:9609	1	67	round_robin
2026-05-05 00:12:40	38561b0651bf6372d852c42e12dec0f5385d9da1e9c10359b7a4582744a15b57	127.0.0.1:9610	1	68	round_robin
2026-05-05 00:12:40	6cfa80f45f71ca1db9ce3c76056e9786fd43c669f2b7ba139b01219a4551ceb7	127.0.0.1:9609	1	73	round_robin
2026-05-05 00:12:40	38561b0651bf6372d852c42e12dec0f5385d9da1e9c10359b7a4582744a15b57	127.0.0.1:9610	1	80	round_robin
2026-05-05 00:12:40	38561b0651bf6372d852c42e12dec0f5385d9da1e9c10359b7a4582744a15b57	127.0.0.1:9610	1	68	round_robin
2026-05-05 00:12:40	6cfa80f45f71ca1db9ce3c76056e9786fd43c669f2b7ba139b01219a4551ceb7	127.0.0.1:9609	1	72	round_robin
2026-05-05 00:13:30	6cfa80f45f71ca1db9ce3c76056e9786fd43c669f2b7ba139b01219a4551ceb7	127.0.0.1:9601	1	66	round_robin
2026-05-05 00:13:30	38561b0651bf6372d852c42e12dec0f5385d9da1e9c10359b7a4582744a15b57	127.0.0.1:9601	1	65	round_robin
2026-05-05 00:13:31	6cfa80f45f71ca1db9ce3c76056e9786fd43c669f2b7ba139b01219a4551ceb7	127.0.0.1:9601	1	64	round_robin
2026-05-05 00:13:31	38561b0651bf6372d852c42e12dec0f5385d9da1e9c10359b7a4582744a15b57	127.0.0.1:9601	1	66	round_robin
2026-05-05 00:13:31	6cfa80f45f71ca1db9ce3c76056e9786fd43c669f2b7ba139b01219a4551ceb7	127.0.0.1:9601	1	101	round_robin
2026-05-05 00:13:31	38561b0651bf6372d852c42e12dec0f5385d9da1e9c10359b7a4582744a15b57	127.0.0.1:9601	1	65	round_robin
2026-05-05 00:20:46	38561b0651bf6372d852c42e12dec0f5385d9da1e9c10359b7a4582744a15b57	127.0.0.1:9610	1	71	round_robin
2026-05-05 00:20:46	6cfa80f45f71ca1db9ce3c76056e9786fd43c669f2b7ba139b01219a4551ceb7	127.0.0.1:9609	1	72	round_robin
2026-05-05 00:20:46	38561b0651bf6372d852c42e12dec0f5385d9da1e9c10359b7a4582744a15b57	127.0.0.1:9610	1	69	round_robin
2026-05-05 00:20:46	6cfa80f45f71ca1db9ce3c76056e9786fd43c669f2b7ba139b01219a4551ceb7	127.0.0.1:9609	1	69	round_robin
2026-05-05 00:20:46	38561b0651bf6372d852c42e12dec0f5385d9da1e9c10359b7a4582744a15b57	127.0.0.1:9610	1	73	round_robin
2026-05-05 00:20:46	6cfa80f45f71ca1db9ce3c76056e9786fd43c669f2b7ba139b01219a4551ceb7	127.0.0.1:9609	1	73	round_robin
2026-05-05 00:28:24	8bf1ee8429e26ea3f08281176e9718383b80d54559942318d3fd461126614758	127.0.0.1:9604	1	75	round_robin
2026-05-05 00:28:24	0581e88587a0b70673acb54bab9e53b727a4278351e06828e04b134af45a027a	127.0.0.1:9603	1	65	round_robin
2026-05-05 00:28:25	8bf1ee8429e26ea3f08281176e9718383b80d54559942318d3fd461126614758	127.0.0.1:9604	1	70	round_robin
2026-05-05 00:28:25	0581e88587a0b70673acb54bab9e53b727a4278351e06828e04b134af45a027a	127.0.0.1:9603	1	65	round_robin
2026-05-05 00:28:25	8bf1ee8429e26ea3f08281176e9718383b80d54559942318d3fd461126614758	127.0.0.1:9604	1	64	round_robin
2026-05-05 00:28:26	0581e88587a0b70673acb54bab9e53b727a4278351e06828e04b134af45a027a	127.0.0.1:9603	1	63	round_robin
2026-05-05 00:28:45	6cfa80f45f71ca1db9ce3c76056e9786fd43c669f2b7ba139b01219a4551ceb7	127.0.0.1:9604	0	0	round_robin
2026-05-05 00:28:45	6cfa80f45f71ca1db9ce3c76056e9786fd43c669f2b7ba139b01219a4551ceb7	127.0.0.1:9605	0	0	round_robin
2026-05-05 00:28:45	6cfa80f45f71ca1db9ce3c76056e9786fd43c669f2b7ba139b01219a4551ceb7	127.0.0.1:9612	0	0	round_robin
2026-05-05 00:28:45	38561b0651bf6372d852c42e12dec0f5385d9da1e9c10359b7a4582744a15b57	127.0.0.1:9604	0	0	round_robin
2026-05-05 00:28:45	38561b0651bf6372d852c42e12dec0f5385d9da1e9c10359b7a4582744a15b57	127.0.0.1:9605	0	0	round_robin
2026-05-05 00:28:45	38561b0651bf6372d852c42e12dec0f5385d9da1e9c10359b7a4582744a15b57	127.0.0.1:9612	0	0	round_robin
2026-05-05 00:28:45	6cfa80f45f71ca1db9ce3c76056e9786fd43c669f2b7ba139b01219a4551ceb7	127.0.0.1:9604	0	0	round_robin
2026-05-05 00:28:45	6cfa80f45f71ca1db9ce3c76056e9786fd43c669f2b7ba139b01219a4551ceb7	127.0.0.1:9605	0	0	round_robin
2026-05-05 00:28:45	6cfa80f45f71ca1db9ce3c76056e9786fd43c669f2b7ba139b01219a4551ceb7	127.0.0.1:9612	0	0	round_robin
2026-05-05 00:28:45	38561b0651bf6372d852c42e12dec0f5385d9da1e9c10359b7a4582744a15b57	127.0.0.1:9604	0	0	round_robin
2026-05-05 00:28:45	38561b0651bf6372d852c42e12dec0f5385d9da1e9c10359b7a4582744a15b57	127.0.0.1:9605	0	0	round_robin
2026-05-05 00:28:45	38561b0651bf6372d852c42e12dec0f5385d9da1e9c10359b7a4582744a15b57	127.0.0.1:9612	0	0	round_robin
2026-05-05 00:28:45	6cfa80f45f71ca1db9ce3c76056e9786fd43c669f2b7ba139b01219a4551ceb7	127.0.0.1:9604	0	0	round_robin
2026-05-05 00:28:45	6cfa80f45f71ca1db9ce3c76056e9786fd43c669f2b7ba139b01219a4551ceb7	127.0.0.1:9605	0	0	round_robin
2026-05-05 00:28:45	6cfa80f45f71ca1db9ce3c76056e9786fd43c669f2b7ba139b01219a4551ceb7	127.0.0.1:9612	0	0	round_robin
2026-05-05 00:28:45	38561b0651bf6372d852c42e12dec0f5385d9da1e9c10359b7a4582744a15b57	127.0.0.1:9604	0	0	round_robin
2026-05-05 00:28:45	38561b0651bf6372d852c42e12dec0f5385d9da1e9c10359b7a4582744a15b57	127.0.0.1:9605	0	0	round_robin
2026-05-05 00:28:45	38561b0651bf6372d852c42e12dec0f5385d9da1e9c10359b7a4582744a15b57	127.0.0.1:9612	0	0	round_robin
2026-05-05 00:36:08	38561b0651bf6372d852c42e12dec0f5385d9da1e9c10359b7a4582744a15b57	127.0.0.1:9610	1	68	round_robin
2026-05-05 00:36:08	6cfa80f45f71ca1db9ce3c76056e9786fd43c669f2b7ba139b01219a4551ceb7	127.0.0.1:9609	1	69	round_robin
2026-05-05 00:36:08	6cfa80f45f71ca1db9ce3c76056e9786fd43c669f2b7ba139b01219a4551ceb7	127.0.0.1:9609	1	68	round_robin
2026-05-05 00:36:08	38561b0651bf6372d852c42e12dec0f5385d9da1e9c10359b7a4582744a15b57	127.0.0.1:9610	1	69	round_robin
2026-05-05 00:36:09	38561b0651bf6372d852c42e12dec0f5385d9da1e9c10359b7a4582744a15b57	127.0.0.1:9610	1	68	round_robin
2026-05-05 00:36:09	6cfa80f45f71ca1db9ce3c76056e9786fd43c669f2b7ba139b01219a4551ceb7	127.0.0.1:9609	1	68	round_robin
2026-05-05 00:43:57	8bf1ee8429e26ea3f08281176e9718383b80d54559942318d3fd461126614758	127.0.0.1:9604	1	75	round_robin
2026-05-05 00:43:57	0581e88587a0b70673acb54bab9e53b727a4278351e06828e04b134af45a027a	127.0.0.1:9603	1	75	round_robin
2026-05-05 00:43:58	8bf1ee8429e26ea3f08281176e9718383b80d54559942318d3fd461126614758	127.0.0.1:9604	1	74	round_robin
2026-05-05 00:43:58	0581e88587a0b70673acb54bab9e53b727a4278351e06828e04b134af45a027a	127.0.0.1:9603	1	73	round_robin
2026-05-05 00:43:58	8bf1ee8429e26ea3f08281176e9718383b80d54559942318d3fd461126614758	127.0.0.1:9604	1	80	round_robin
2026-05-05 00:43:59	0581e88587a0b70673acb54bab9e53b727a4278351e06828e04b134af45a027a	127.0.0.1:9603	1	73	round_robin
2026-05-05 00:52:00	0581e88587a0b70673acb54bab9e53b727a4278351e06828e04b134af45a027a	127.0.0.1:9603	1	67	round_robin
2026-05-05 00:52:00	8bf1ee8429e26ea3f08281176e9718383b80d54559942318d3fd461126614758	127.0.0.1:9604	1	67	round_robin
2026-05-05 00:52:00	8bf1ee8429e26ea3f08281176e9718383b80d54559942318d3fd461126614758	127.0.0.1:9604	1	70	round_robin
2026-05-05 00:52:00	0581e88587a0b70673acb54bab9e53b727a4278351e06828e04b134af45a027a	127.0.0.1:9603	1	70	round_robin
2026-05-05 00:52:01	8bf1ee8429e26ea3f08281176e9718383b80d54559942318d3fd461126614758	127.0.0.1:9604	1	68	round_robin
2026-05-05 00:52:01	0581e88587a0b70673acb54bab9e53b727a4278351e06828e04b134af45a027a	127.0.0.1:9603	1	69	round_robin
2026-05-05 01:07:07	0932076bd8833de0ce17eaa9fe0cd37d28fb0214b72137810b70a4df4041cf64	127.0.0.1:9602	0	0	round_robin
2026-05-05 01:07:07	0932076bd8833de0ce17eaa9fe0cd37d28fb0214b72137810b70a4df4041cf64	127.0.0.1:9603	0	0	round_robin
2026-05-05 01:07:07	0932076bd8833de0ce17eaa9fe0cd37d28fb0214b72137810b70a4df4041cf64	127.0.0.1:9602	0	0	round_robin
2026-05-05 01:07:07	0932076bd8833de0ce17eaa9fe0cd37d28fb0214b72137810b70a4df4041cf64	127.0.0.1:9603	0	0	round_robin
2026-05-05 01:08:49	0932076bd8833de0ce17eaa9fe0cd37d28fb0214b72137810b70a4df4041cf64	127.0.0.1:9602	0	0	round_robin
2026-05-05 01:08:49	0932076bd8833de0ce17eaa9fe0cd37d28fb0214b72137810b70a4df4041cf64	127.0.0.1:9603	0	0	round_robin
2026-05-05 01:08:49	0932076bd8833de0ce17eaa9fe0cd37d28fb0214b72137810b70a4df4041cf64	127.0.0.1:9602	0	0	round_robin
2026-05-05 01:08:49	0932076bd8833de0ce17eaa9fe0cd37d28fb0214b72137810b70a4df4041cf64	127.0.0.1:9603	0	0	round_robin
2026-05-05 01:08:59	0932076bd8833de0ce17eaa9fe0cd37d28fb0214b72137810b70a4df4041cf64	127.0.0.1:9602	1	28	round_robin
2026-05-05 01:08:59	0932076bd8833de0ce17eaa9fe0cd37d28fb0214b72137810b70a4df4041cf64	127.0.0.1:9602	1	29	round_robin
2026-05-05 01:09:15	149a4d34d8e8f46a73334bcd966e4974e0ff5072de9a714dfcc6116c969a0953	127.0.0.1:9603	1	26	round_robin
2026-05-05 01:09:15	149a4d34d8e8f46a73334bcd966e4974e0ff5072de9a714dfcc6116c969a0953	127.0.0.1:9603	1	25	round_robin
2026-05-05 01:09:38	149a4d34d8e8f46a73334bcd966e4974e0ff5072de9a714dfcc6116c969a0953	127.0.0.1:9603	1	29	round_robin
2026-05-05 01:09:39	149a4d34d8e8f46a73334bcd966e4974e0ff5072de9a714dfcc6116c969a0953	127.0.0.1:9603	1	25	round_robin
2026-05-05 01:09:59	149a4d34d8e8f46a73334bcd966e4974e0ff5072de9a714dfcc6116c969a0953	127.0.0.1:9603	1	28	round_robin
2026-05-05 01:09:59	149a4d34d8e8f46a73334bcd966e4974e0ff5072de9a714dfcc6116c969a0953	127.0.0.1:9603	1	30	round_robin
2026-05-05 01:10:36	ac9ac9198d2fc8d3ea9fbbd2c53efd8f3caa1119be4371204e3ce548857566bf	127.0.0.1:9603	1	63	round_robin
2026-05-05 01:10:37	ac9ac9198d2fc8d3ea9fbbd2c53efd8f3caa1119be4371204e3ce548857566bf	127.0.0.1:9603	1	37	round_robin
2026-05-05 01:11:10	ac9ac9198d2fc8d3ea9fbbd2c53efd8f3caa1119be4371204e3ce548857566bf	127.0.0.1:9603	1	28	round_robin
2026-05-05 01:11:11	ac9ac9198d2fc8d3ea9fbbd2c53efd8f3caa1119be4371204e3ce548857566bf	127.0.0.1:9603	1	30	round_robin
2026-05-05 01:11:37	ac9ac9198d2fc8d3ea9fbbd2c53efd8f3caa1119be4371204e3ce548857566bf	127.0.0.1:9603	1	25	round_robin
2026-05-05 01:11:37	ac9ac9198d2fc8d3ea9fbbd2c53efd8f3caa1119be4371204e3ce548857566bf	127.0.0.1:9603	1	25	round_robin
2026-05-05 01:12:06	03b73b10b0ad46732f03d0035705bacf3a067c1ef8254f238cde8eedb95ad64e	127.0.0.1:9602	1	27	round_robin
2026-05-05 01:12:06	03b73b10b0ad46732f03d0035705bacf3a067c1ef8254f238cde8eedb95ad64e	127.0.0.1:9602	1	27	round_robin
2026-05-05 01:14:35	03b73b10b0ad46732f03d0035705bacf3a067c1ef8254f238cde8eedb95ad64e	127.0.0.1:9601	1	26	round_robin
2026-05-05 01:14:36	03b73b10b0ad46732f03d0035705bacf3a067c1ef8254f238cde8eedb95ad64e	127.0.0.1:9601	1	25	round_robin
2026-05-05 01:15:02	03b73b10b0ad46732f03d0035705bacf3a067c1ef8254f238cde8eedb95ad64e	127.0.0.1:9602	1	25	round_robin
2026-05-05 01:15:03	03b73b10b0ad46732f03d0035705bacf3a067c1ef8254f238cde8eedb95ad64e	127.0.0.1:9602	1	25	round_robin
